startTime(s),SpLength,SpBCEA,SpConvexHull,SpFractalDimension,SpRQARecRate
0.0,226.4058037070237,53.90805342236326,90.12230176281946,2.094781186190465,48.66434378629501
0.801,214.35816845594226,51.983940686678466,84.4970150249203,2.109927866751842,48.313090418353575
1.602,205.33143192354163,54.07078611027724,84.4970150249203,2.0942784902470617,46.996996996997
2.403,192.22293562055722,51.26058667199463,69.00715508330177,2.0584678952505566,46.21848739495798
3.204,164.02998113505254,46.895584521698744,62.96244949421771,2.0927216642416857,46.666666666666664
4.005,152.58608840547768,47.75523840655717,62.96244949421771,2.096891789385221,45.747126436781606
4.806,140.82672125833358,48.57390833262694,62.96244949421771,2.076371707320178,46.560846560846564
5.607,131.1470530980559,45.79794632023576,55.479757639234776,2.0957237709180045,44.61538461538461
6.408,110.15434387907791,45.77112256680012,54.30219562957359,2.020811956583708,47.430830039525695
7.209,106.10647963503695,43.46450292443344,54.14179578104495,2.0363360723513013,46.32034632034632
8.01,103.50184282194452,43.58580929113316,54.14179578104495,2.0555597656025073,45.23809523809524
8.811,101.32050082463824,45.36658298976768,54.14179578104495,2.069046931048639,43.1578947368421
9.612,100.4711410828791,45.14094780713964,53.8297067589549,2.1246287337096046,42.10526315789474
10.413,75.48956967228207,41.55565066554511,42.48333604703862,2.2079498774323802,44.11764705882353
11.214,56.762346935577476,44.088019303266044,37.03344015794255,2.336140781853789,40.65934065934066
12.015,46.49647497319661,30.76232108460188,24.399510383105962,2.4187101810213187,48.484848484848484
12.816,25.48417794048801,26.65202771697336,17.644024546716082,2.0614418722106054,44.44444444444444
13.617,24.31498261125789,26.045806649825316,14.88618657257166,3.0251069930099646,42.857142857142854
14.418,13.81303749756284,13.441371217218052,5.448795512325205,2.2793723621483037,60.0
15.219,10.163037588883931,0.4962270988993645,0.12005270613292396,2.8479969065549504,33.333333333333336
16.02,,,,,
16.821,,,,,
17.622,,,,,
18.423,,,,,
19.224,,,,,
20.025,,,,,
20.826,,,,,
21.627,,,,,
22.428,,,,,
23.229,,,,,
24.03,,,,,
24.831,,,,,
25.632,,,,,
26.433,,,,,
27.234,,,,,
28.035,,,,,
28.836,,,,,
29.637,,,,,
30.438,,,,,
31.239,,,,,
32.04,,,,,
32.841,,,,,
33.642,,,,,
34.443,,,,,
35.244,,,,,
36.045,,,,,
36.846,,,,,
37.647,,,,,
38.448,,,,,
39.249,,,,,
